admin_id,admin_name,admin_passkey
mgiorgietto0,Micky,wK1}D
oskalls1,Olag,lF2_
bmacmaster2,Birgitta,rI3=F
mpancoast3,Meade,kT0(!6_
homullen4,Hubert,iT8=B
ktabbitt5,Keslie,"pT9)w9,"
ssyne6,Sigrid,dV0@=D$
bwinspare7,Binky,rP0/7*qG
bphelan8,Brendon,cN9#{S
kbaldi9,Kendre,nR7%hs
pyvea,Pollyanna,iP0#2p@?
rgouldieb,Rania,"iS7""BIIs"
wrainec,Wadsworth,gX8`1
zfeaversd,Zenia,iX7|
esuddicke,Earle,fM8*D
fdornanf,Fergus,"xT6,q`m~"
kauberyg,Kiley,"eQ6(""V"
whalmkinh,Wald,xB3'0C
otourvillei,Oswald,xD9&
gdunhillj,George,pP1{gzdi
